{
	"1": {
		"nome": "Paracetamol",
		"quantidade": 220,
		"preco": 40.0,
		"descricao": "Analg\u00e9sico e antipir\u00e9tico utilizado para aliviar a dor e reduzir a febre.",
		"link": "static/assets/imagensRemedios/Paracetamols.jpeg"
	},
	"2": {
		"nome": "Dipirona",
		"quantidade": 80,
		"preco": 8.5,
		"descricao": "Analg\u00e9sico e antipir\u00e9tico eficaz no al\u00edvio da dor e febre.",
		"link": "static/assets/imagensRemedios/Dipirona.jpeg"
	},
	"3": {
		"nome": "Omeprazol",
		"quantidade": 60,
		"preco": 18.75,
		"descricao": "Inibidor da bomba de pr\u00f3tons utilizado no tratamento de \u00falceras g\u00e1stricas e refluxo gastroesof\u00e1gico.",
		"link": "static/assets/imagensRemedios/Omeprazol.jpeg"
	},
	"4": {
		"nome": "Amoxicilina",
		"quantidade": 50,
		"preco": 25.0,
		"descricao": "Antibi\u00f3tico amplamente utilizado no tratamento de infec\u00e7\u00f5es bacterianas.",
		"link": "static/assets/imagensRemedios/Amoxicilina.jpeg"
	},
	"5": {
		"nome": "Ibuprofeno",
		"quantidade": 120,
		"preco": 9.99,
		"descricao": "Analg\u00e9sico, antipir\u00e9tico e anti-inflamat\u00f3rio n\u00e3o esteroide (AINE) utilizado no tratamento da dor e inflama\u00e7\u00e3o.",
		"link": "static/assets/imagensRemedios/Ibuprofeno.jpeg"
	},
	"6": {
		"nome": "Cetoprofeno",
		"quantidade": 27,
		"preco": 15.5,
		"descricao": "Anti-inflamat\u00f3rio n\u00e3o esteroide (AINE) utilizado no tratamento de processos inflamat\u00f3rios e dores musculares.",
		"link": "static/assets/imagensRemedios/Cetoprofeno.jpeg"
	},
	"7": {
		"nome": "Loratadina",
		"quantidade": 90,
		"preco": 7.25,
		"descricao": "Antial\u00e9rgico utilizado no al\u00edvio dos sintomas de alergias sazonais e urtic\u00e1ria.",
		"link": "static/assets/imagensRemedios/Loratadina.jpeg"
	},
	"8": {
		"nome": "Dexametasona",
		"quantidade": 30,
		"preco": 35.75,
		"descricao": "Corticoide com a\u00e7\u00e3o anti-inflamat\u00f3ria, imunossupressora e utilizada em diversas condi\u00e7\u00f5es m\u00e9dicas.",
		"link": "static/assets/imagensRemedios/Dexametasona.jpeg"
	},
	"9": {
		"nome": "Sinvastatina",
		"quantidade": 70,
		"preco": 22.5,
		"descricao": "Estatina utilizada para diminuir o colesterol LDL e prevenir doen\u00e7as cardiovasculares.",
		"link": "static/assets/imagensRemedios/Sinvastatina.jpeg"
	},
	"10": {
		"nome": "Metformina",
		"quantidade": 60,
		"preco": 14.99,
		"descricao": "Antidiab\u00e9tico oral utilizado no tratamento do diabetes tipo 2.",
		"link": "static/assets/imagensRemedios/Metformina.jpeg"
	},
	"11": {
		"nome": "Ranitidina",
		"quantidade": 40,
		"preco": 10.25,
		"descricao": "Antagonista dos receptores H2 utilizado no tratamento de \u00falceras g\u00e1stricas e refluxo \u00e1cido.",
		"link": "static/assets/imagensRemedios/Ranitidina.jpeg"
	},
	"12": {
		"nome": "Dipiridamol",
		"quantidade": 25,
		"preco": 30.0,
		"descricao": "Vasodilatador utilizado no tratamento de angina e preven\u00e7\u00e3o de co\u00e1gulos sangu\u00edneos.",
		"link": "static/assets/imagensRemedios/Dipiridamol.jpeg"
	},
	"13": {
		"nome": "Clonazepam",
		"quantidade": 55,
		"preco": 19.5,
		"descricao": "Benzodiazep\u00ednico utilizado no tratamento de transtornos de ansiedade e convuls\u00f5es.",
		"link": "static/assets/imagensRemedios/Clonazepam.jpeg"
	},
	"14": {
		"nome": "Atorvastatina",
		"quantidade": 65,
		"preco": 28.75,
		"descricao": "Estatina utilizada para diminuir o colesterol LDL e prevenir doen\u00e7as cardiovasculares.",
		"link": "static/assets/imagensRemedios/Atorvastatina.jpeg"
	},
	"15": {
		"nome": "Hidroclorotiazida",
		"quantidade": 75,
		"preco": 17.8,
		"descricao": "Diur\u00e9tico utilizado no tratamento da hipertens\u00e3o arterial e reten\u00e7\u00e3o de l\u00edquidos.",
		"link": "static/assets/imagensRemedios/Hidroclorotiazida.jpeg"
	},
	"16": {
		"nome": "Furosemida",
		"quantidade": 45,
		"preco": 12.3,
		"descricao": "Diur\u00e9tico de al\u00e7a utilizado no tratamento da insufici\u00eancia card\u00edaca e edema.",
		"link": "static/assets/imagensRemedios/Furosemida.jpeg"
	},
	"17": {
		"nome": "Escitalopram",
		"quantidade": 85,
		"preco": 24.99,
		"descricao": "Antidepressivo utilizado no tratamento da depress\u00e3o e transtornos de ansiedade.",
		"link": "static/assets/imagensRemedios/Escitalopram.jpeg"
	},
	"18": {
		"nome": "Lisinopril",
		"quantidade": 60,
		"preco": 11.75,
		"descricao": "Inibidor da enzima conversora de angiotensina (IECA) utilizado no tratamento da hipertens\u00e3o arterial e insufici\u00eancia card\u00edaca.",
		"link": "static/assets/imagensRemedios/Lisinopril.jpeg"
	},
	"19": {
		"nome": "Salmeterol",
		"quantidade": 35,
		"preco": 22.0,
		"descricao": "Broncodilatador de longa dura\u00e7\u00e3o utilizado no tratamento da asma e doen\u00e7a pulmonar obstrutiva cr\u00f4nica (DPOC).",
		"link": "static/assets/imagensRemedios/Salmeterol.jpeg"
	},
	"20": {
		"nome": "Fluticasona",
		"quantidade": 40,
		"preco": 18.5,
		"descricao": "Corticosteroide inalat\u00f3rio utilizado no tratamento da asma e rinite al\u00e9rgica.",
		"link": "static/assets/imagensRemedios/Fluticasona.jpeg"
	},
	"21": {
		"nome": "Levotiroxina",
		"quantidade": 80,
		"preco": 9.99,
		"descricao": "Horm\u00f4nio sint\u00e9tico utilizado no tratamento de dist\u00farbios da tireoide, como hipotireoidismo.",
		"link": "static/assets/imagensRemedios/Levotiroxina.jpeg"
	},
	"22": {
		"nome": "Carvedilol",
		"quantidade": 55,
		"preco": 15.25,
		"descricao": "Bloqueador beta utilizado no tratamento da insufici\u00eancia card\u00edaca e hipertens\u00e3o arterial.",
		"link": "static/assets/imagensRemedios/Carvedilol.jpeg"
	},
	"23": {
		"nome": "Montelucaste",
		"quantidade": 70,
		"preco": 21.5,
		"descricao": "Antagonista do receptor de leucotrienos utilizado no tratamento da asma e rinite al\u00e9rgica.",
		"link": "static/assets/imagensRemedios/Montelucaste.jpeg"
	},
	"24": {
		"nome": "Naproxeno",
		"quantidade": 50,
		"preco": 14.75,
		"descricao": "Analg\u00e9sico e anti-inflamat\u00f3rio n\u00e3o esteroide (AINE) utilizado no tratamento da dor e inflama\u00e7\u00e3o.",
		"link": "static/assets/imagensRemedios/Naproxeno.jpeg"
	},
	"25": {
		"nome": "Ondansetrona",
		"quantidade": 45,
		"preco": 32.0,
		"descricao": "Antiem\u00e9tico utilizado no tratamento de n\u00e1useas e v\u00f4mitos associados a quimioterapia e cirurgia.",
		"link": "static/assets/imagensRemedios/Ondansetrona.jpeg"
	},
	"26": {
		"nome": "Pantoprazol",
		"quantidade": 60,
		"preco": 16.5,
		"descricao": "Inibidor da bomba de pr\u00f3tons utilizado no tratamento de \u00falceras g\u00e1stricas e refluxo gastroesof\u00e1gico.",
		"link": "static/assets/imagensRemedios/Pantoprazol.jpeg"
	},
	"27": {
		"nome": "Rosuvastatina",
		"quantidade": 55,
		"preco": 27.8,
		"descricao": "Estatina utilizada para diminuir o colesterol LDL e prevenir doen\u00e7as cardiovasculares.",
		"link": "static/assets/imagensRemedios/Rosuvastatina.jpeg"
	},
	"28": {
		"nome": "Cloridrato de Ciprofloxacino",
		"quantidade": 30,
		"preco": 19.99,
		"descricao": "Antibi\u00f3tico fluoroquinolona utilizado no tratamento de infec\u00e7\u00f5es bacterianas.",
		"link": "static/assets/imagensRemedios/Cloridrato de Ciprofloxacino.jpeg"
	},
	"29": {
		"nome": "Salbutamol",
		"quantidade": 90,
		"preco": 13.5,
		"descricao": "Broncodilatador utilizado no tratamento da asma e doen\u00e7a pulmonar obstrutiva cr\u00f4nica (DPOC).",
		"link": "static/assets/imagensRemedios/Salbutamol.jpeg"
	},
	"30": {
		"nome": "Gliclazida",
		"quantidade": 40,
		"preco": 20.25,
		"descricao": "Antidiab\u00e9tico oral utilizado no tratamento do diabetes tipo 2.",
		"link": "static/assets/imagensRemedios/Gliclazida.jpeg"
	},
	"31": {
		"nome": "Protetor Solar FPS 50",
		"quantidade": 1,
		"preco": 29.99,
		"descricao": "Protetor solar de amplo espectro com fator de prote\u00e7\u00e3o solar 50. Protege contra os raios UVA e UVB.",
		"link": "static/assets/imagensRemedios/Protetor Solar FPS 50.jpeg"
	},
	"32": {
		"nome": "Shampoo Anticaspa",
		"quantidade": 1,
		"preco": 12.5,
		"descricao": "Shampoo anticaspa que ajuda a controlar a caspa e manter o couro cabeludo saud\u00e1vel.",
		"link": "static/assets/imagensRemedios/Shampoo Anticaspa.jpeg"
	},
	"33": {
		"nome": "Condicionador Hidratante",
		"quantidade": 1,
		"preco": 15.99,
		"descricao": "Condicionador hidratante que proporciona maciez e brilho aos cabelos, ajudando a desembara\u00e7ar os fios.",
		"link": "static/assets/imagensRemedios/Condicionador Hidratante.jpeg"
	},
	"34": {
		"nome": "Creme Dental Branqueador",
		"quantidade": 1,
		"preco": 7.99,
		"descricao": "Creme dental com f\u00f3rmula branqueadora que ajuda a remover manchas superficiais dos dentes e promove um sorriso mais branco.",
		"link": "static/assets/imagensRemedios/Creme Dental Branqueador.jpeg"
	},
	"35": {
		"nome": "Fio Dental",
		"quantidade": 1,
		"preco": 3.5,
		"descricao": "Fio dental para uma limpeza completa entre os dentes, removendo placa bacteriana e prevenindo c\u00e1ries.",
		"link": "static/assets/imagensRemedios/Fio Dental.jpeg"
	},
	"36": {
		"nome": "Desodorante Roll-On",
		"quantidade": 1,
		"preco": 8.99,
		"descricao": "Desodorante roll-on com fragr\u00e2ncia suave e prote\u00e7\u00e3o de longa dura\u00e7\u00e3o contra o odor e a transpira\u00e7\u00e3o.",
		"link": "static/assets/imagensRemedios/Desodorante Roll-On.jpeg"
	},
	"37": {
		"nome": "Gel de Limpeza Facial",
		"quantidade": 1,
		"preco": 19.99,
		"descricao": "Gel de limpeza facial que remove impurezas e oleosidade da pele, deixando-a fresca e revitalizada.",
		"link": "static/assets/imagensRemedios/Gel de Limpeza Facial.jpeg"
	},
	"38": {
		"nome": "Sabonete L\u00edquido \u00cdntimo",
		"quantidade": 1,
		"preco": 11.5,
		"descricao": "Sabonete l\u00edquido \u00edntimo de uso di\u00e1rio, formulado para higiene delicada e prote\u00e7\u00e3o da regi\u00e3o \u00edntima.",
		"link": "static/assets/imagensRemedios/Sabonete L\u00edquido \u00cdntimo.jpeg"
	},
	"39": {
		"nome": "Analg\u00e9sico em Gel",
		"quantidade": 1,
		"preco": 16.75,
		"descricao": "Analg\u00e9sico em gel para al\u00edvio r\u00e1pido de dores musculares e articulares. Ideal para massagem terap\u00eautica.",
		"link": "static/assets/imagensRemedios/Analg\u00e9sico em Gel.jpeg"
	},
	"40": {
		"nome": "Agua Micelar",
		"quantidade": 1,
		"preco": 25.0,
		"descricao": "\u00c1gua micelar de limpeza facial que remove maquiagem, impurezas e oleosidade sem irritar a pele.",
		"link": "static/assets/imagensRemedios/\u00c1gua Micelar.jpeg"
	},
	"51": {
		"nome": "Hidratante Labial",
		"quantidade": 1,
		"preco": 4.5,
		"descricao": "Hidratante labial enriquecido com vitaminas que previne o ressecamento e mant\u00e9m os l\u00e1bios macios e protegidos.",
		"link": "static/assets/imagensRemedios/Hidratante Labial.jpeg"
	},
	"52": {
		"nome": "Cotonetes",
		"quantidade": 100,
		"preco": 2.99,
		"descricao": "Pacote com 100 unidades de cotonetes de algod\u00e3o, ideais para higiene auricular e aplica\u00e7\u00e3o de produtos cosm\u00e9ticos.",
		"link": "static/assets/imagensRemedios/Cotonetes.jpeg"
	},
	"53": {
		"nome": "Esponja de Banho",
		"quantidade": 1,
		"preco": 6.25,
		"descricao": "Esponja de banho macia e delicada, ideal para limpeza da pele e estimula\u00e7\u00e3o da circula\u00e7\u00e3o sangu\u00ednea.",
		"link": "static/assets/imagensRemedios/Esponja de Banho.jpeg"
	},
	"54": {
		"nome": "Len\u00e7os Removedores de Maquiagem",
		"quantidade": 25,
		"preco": 9.99,
		"descricao": "Pacote com 25 len\u00e7os removedores de maquiagem, formulados para remover eficazmente maquiagem \u00e0 prova d'\u00e1gua.",
		"link": "static/assets/imagensRemedios/Len\u00e7os Removedores de Maquiagem.jpeg"
	},
	"55": {
		"nome": "Pomada para Assaduras",
		"quantidade": 1,
		"preco": 13.5,
		"descricao": "Pomada para assaduras com \u00f3xido de zinco, que forma uma barreira protetora contra umidade e irrita\u00e7\u00f5es na pele do beb\u00ea.",
		"link": "static/assets/imagensRemedios/Pomada para Assaduras.jpeg"
	},
	"56": {
		"nome": "Repelente de Insetos",
		"quantidade": 1,
		"preco": 18.99,
		"descricao": "Repelente de insetos em spray, com f\u00f3rmula de longa dura\u00e7\u00e3o que protege contra mosquitos, pernilongos e outros insetos.",
		"link": "static/assets/imagensRemedios/Repelente de Insetos.jpeg"
	},
	"57": {
		"nome": "Lo\u00e7\u00e3o P\u00f3s-Sol",
		"quantidade": 1,
		"preco": 14.75,
		"descricao": "Lo\u00e7\u00e3o p\u00f3s-sol refrescante e hidratante, formulada para acalmar e suavizar a pele ap\u00f3s a exposi\u00e7\u00e3o solar.",
		"link": "static/assets/imagensRemedios/Lo\u00e7\u00e3o P\u00f3s-Sol.jpeg"
	},
	"58": {
		"nome": "Suplemento de Col\u00e1geno",
		"quantidade": 60,
		"preco": 35.5,
		"descricao": "Suplemento de col\u00e1geno em c\u00e1psulas que auxilia na manuten\u00e7\u00e3o da sa\u00fade da pele, cabelos e unhas.",
		"link": "static/assets/imagensRemedios/Suplemento de Col\u00e1geno.jpeg"
	},
	"59": {
		"nome": "Curativo Adesivo",
		"quantidade": 20,
		"preco": 6.99,
		"descricao": "Pacote com 20 curativos adesivos de tamanhos variados, ideais para prote\u00e7\u00e3o de pequenos cortes e arranh\u00f5es.",
		"link": "static/assets/imagensRemedios/Curativo Adesivo.jpeg"
	},
	"60": {
		"nome": "Gel Dental Clareador",
		"quantidade": 1,
		"preco": 18.25,
		"descricao": "Gel dental clareador com f\u00f3rmula suave que remove manchas e promove um sorriso mais branco e brilhante.",
		"link": "static/assets/imagensRemedios/Gel Dental Clareador.jpeg"
	},
	"61": {
		"nome": "Sabonete L\u00edquido Antibacteriano",
		"quantidade": 1,
		"preco": 10.99,
		"descricao": "Sabonete l\u00edquido antibacteriano que limpa profundamente as m\u00e3os, protegendo contra germes e bact\u00e9rias.",
		"link": "static/assets/imagensRemedios/Sabonete L\u00edquido Antibacteriano.jpeg"
	},
	"62": {
		"nome": "Creme para M\u00e3os Hidratante",
		"quantidade": 1,
		"preco": 8.5,
		"descricao": "Creme para m\u00e3os hidratante enriquecido com manteiga de karit\u00e9, que nutre e protege a pele contra ressecamento.",
		"link": "static/assets/imagensRemedios/Creme para M\u00e3os Hidratante.jpeg"
	},
	"63": {
		"nome": "Escova de Dentes Infantil",
		"quantidade": 1,
		"preco": 5.25,
		"descricao": "Escova de dentes infantil com cerdas macias e cabo ergon\u00f4mico, ideal para a higiene bucal das crian\u00e7as.",
		"link": "static/assets/imagensRemedios/Escova de Dentes Infantil.jpeg"
	},
	"64": {
		"nome": "Term\u00f4metro Digital",
		"quantidade": 1,
		"preco": 19.99,
		"descricao": "Term\u00f4metro digital de precis\u00e3o, indicado para medi\u00e7\u00e3o de temperatura corporal de forma r\u00e1pida e precisa.",
		"link": "static/assets/imagensRemedios/Term\u00f4metro Digital.jpeg"
	},
	"65": {
		"nome": "Algod\u00e3o Hidr\u00f3filo",
		"quantidade": 200,
		"preco": 4.5,
		"descricao": "Pacote com 200 gramas de algod\u00e3o hidr\u00f3filo, macio e absorvente, ideal para uso em higiene pessoal e cuidados com a pele.",
		"link": "static/assets/imagensRemedios/Algod\u00e3o Hidr\u00f3filo.jpeg"
	},
	"66": {
		"nome": "Hidratante Corporal",
		"quantidade": 1,
		"preco": 21.5,
		"descricao": "Hidratante corporal de r\u00e1pida absor\u00e7\u00e3o, enriquecido com \u00f3leos naturais que deixam a pele macia e perfumada.",
		"link": "static/assets/imagensRemedios/Hidratante Corporal.jpeg"
	},
	"67": {
		"nome": "Lo\u00e7\u00e3o Removedora de Cut\u00edculas",
		"quantidade": 1,
		"preco": 11.99,
		"descricao": "Lo\u00e7\u00e3o removedora de cut\u00edculas com f\u00f3rmula suave que amolece e facilita a remo\u00e7\u00e3o das cut\u00edculas, deixando as unhas com aspecto saud\u00e1vel.",
		"link": "static/assets/imagensRemedios/Lo\u00e7\u00e3o Removedora de Cut\u00edculas.jpeg"
	},
	"68": {
		"nome": "Creme Depilat\u00f3rio Corporal",
		"quantidade": 1,
		"preco": 16.99,
		"descricao": "Creme depilat\u00f3rio para o corpo com f\u00f3rmula suave e eficaz, que remove os pelos de forma r\u00e1pida e indolor.",
		"link": "static/assets/imagensRemedios/Creme Depilat\u00f3rio Corporal.jpeg"
	},
	"69": {
		"nome": "Kit Manicure e Pedicure",
		"quantidade": 5,
		"preco": 29.99,
		"descricao": "Kit completo de manicure e pedicure, com alicates, cortadores e outros acess\u00f3rios essenciais para cuidados com as unhas.",
		"link": "static/assets/imagensRemedios/Kit Manicure e Pedicure.jpeg"
	},
	"70": {
		"nome": "Desodorante \u00cdntimo",
		"quantidade": 3,
		"preco": 13.25,
		"descricao": "Desodorante \u00edntimo em spray, formulado para neutralizar odores e proporcionar sensa\u00e7\u00e3o de frescor e conforto.",
		"link": "static/assets/imagensRemedios/Desodorante \u00cdntimo.jpeg"
	}
}