{
	"1": {
		"nome": "Paracetamol",
		"quantidade": 100,
		"preco": 12.99,
		"descricao": "Analg\u00e9sico e antipir\u00e9tico utilizado para aliviar a dor e reduzir a febre."
	},
	"2": {
		"nome": "Dipirona",
		"quantidade": 80,
		"preco": 8.5,
		"descricao": "Analg\u00e9sico e antipir\u00e9tico eficaz no al\u00edvio da dor e febre."
	},
	"3": {
		"nome": "Omeprazol",
		"quantidade": 60,
		"preco": 18.75,
		"descricao": "Inibidor da bomba de pr\u00f3tons utilizado no tratamento de \u00falceras g\u00e1stricas e refluxo gastroesof\u00e1gico."
	},
	"4": {
		"nome": "Amoxicilina",
		"quantidade": 50,
		"preco": 25.0,
		"descricao": "Antibi\u00f3tico amplamente utilizado no tratamento de infec\u00e7\u00f5es bacterianas."
	},
	"5": {
		"nome": "Ibuprofeno",
		"quantidade": 120,
		"preco": 9.99,
		"descricao": "Analg\u00e9sico, antipir\u00e9tico e anti-inflamat\u00f3rio n\u00e3o esteroide (AINE) utilizado no tratamento da dor e inflama\u00e7\u00e3o."
	},
	"6": {
		"nome": "Cetoprofeno",
		"quantidade": 40,
		"preco": 15.5,
		"descricao": "Anti-inflamat\u00f3rio n\u00e3o esteroide (AINE) utilizado no tratamento de processos inflamat\u00f3rios e dores musculares."
	},
	"7": {
		"nome": "Loratadina",
		"quantidade": 90,
		"preco": 7.25,
		"descricao": "Antial\u00e9rgico utilizado no al\u00edvio dos sintomas de alergias sazonais e urtic\u00e1ria."
	},
	"8": {
		"nome": "Dexametasona",
		"quantidade": 30,
		"preco": 35.75,
		"descricao": "Corticoide com a\u00e7\u00e3o anti-inflamat\u00f3ria, imunossupressora e utilizada em diversas condi\u00e7\u00f5es m\u00e9dicas."
	},
	"9": {
		"nome": "Sinvastatina",
		"quantidade": 70,
		"preco": 22.5,
		"descricao": "Estatina utilizada para diminuir o colesterol LDL e prevenir doen\u00e7as cardiovasculares."
	},
	"10": {
		"nome": "Metformina",
		"quantidade": 60,
		"preco": 14.99,
		"descricao": "Antidiab\u00e9tico oral utilizado no tratamento do diabetes tipo 2."
	},
	"11": {
		"nome": "Ranitidina",
		"quantidade": 40,
		"preco": 10.25,
		"descricao": "Antagonista dos receptores H2 utilizado no tratamento de \u00falceras g\u00e1stricas e refluxo \u00e1cido."
	},
	"12": {
		"nome": "Dipiridamol",
		"quantidade": 25,
		"preco": 30.0,
		"descricao": "Vasodilatador utilizado no tratamento de angina e preven\u00e7\u00e3o de co\u00e1gulos sangu\u00edneos."
	},
	"13": {
		"nome": "Clonazepam",
		"quantidade": 55,
		"preco": 19.5,
		"descricao": "Benzodiazep\u00ednico utilizado no tratamento de transtornos de ansiedade e convuls\u00f5es."
	},
	"14": {
		"nome": "Atorvastatina",
		"quantidade": 65,
		"preco": 28.75,
		"descricao": "Estatina utilizada para diminuir o colesterol LDL e prevenir doen\u00e7as cardiovasculares."
	},
	"15": {
		"nome": "Hidroclorotiazida",
		"quantidade": 75,
		"preco": 17.8,
		"descricao": "Diur\u00e9tico utilizado no tratamento da hipertens\u00e3o arterial e reten\u00e7\u00e3o de l\u00edquidos."
	},
	"16": {
		"nome": "Furosemida",
		"quantidade": 45,
		"preco": 12.3,
		"descricao": "Diur\u00e9tico de al\u00e7a utilizado no tratamento da insufici\u00eancia card\u00edaca e edema."
	},
	"17": {
		"nome": "Escitalopram",
		"quantidade": 85,
		"preco": 24.99,
		"descricao": "Antidepressivo utilizado no tratamento da depress\u00e3o e transtornos de ansiedade."
	},
	"18": {
		"nome": "Lisinopril",
		"quantidade": 60,
		"preco": 11.75,
		"descricao": "Inibidor da enzima conversora de angiotensina (IECA) utilizado no tratamento da hipertens\u00e3o arterial e insufici\u00eancia card\u00edaca."
	},
	"19": {
		"nome": "Salmeterol",
		"quantidade": 35,
		"preco": 22.0,
		"descricao": "Broncodilatador de longa dura\u00e7\u00e3o utilizado no tratamento da asma e doen\u00e7a pulmonar obstrutiva cr\u00f4nica (DPOC)."
	},
	"20": {
		"nome": "Fluticasona",
		"quantidade": 40,
		"preco": 18.5,
		"descricao": "Corticosteroide inalat\u00f3rio utilizado no tratamento da asma e rinite al\u00e9rgica."
	},
	"21": {
		"nome": "Levotiroxina",
		"quantidade": 80,
		"preco": 9.99,
		"descricao": "Horm\u00f4nio sint\u00e9tico utilizado no tratamento de dist\u00farbios da tireoide, como hipotireoidismo."
	},
	"22": {
		"nome": "Carvedilol",
		"quantidade": 55,
		"preco": 15.25,
		"descricao": "Bloqueador beta utilizado no tratamento da insufici\u00eancia card\u00edaca e hipertens\u00e3o arterial."
	},
	"23": {
		"nome": "Montelucaste",
		"quantidade": 70,
		"preco": 21.5,
		"descricao": "Antagonista do receptor de leucotrienos utilizado no tratamento da asma e rinite al\u00e9rgica."
	},
	"24": {
		"nome": "Naproxeno",
		"quantidade": 50,
		"preco": 14.75,
		"descricao": "Analg\u00e9sico e anti-inflamat\u00f3rio n\u00e3o esteroide (AINE) utilizado no tratamento da dor e inflama\u00e7\u00e3o."
	},
	"25": {
		"nome": "Ondansetrona",
		"quantidade": 45,
		"preco": 32.0,
		"descricao": "Antiem\u00e9tico utilizado no tratamento de n\u00e1useas e v\u00f4mitos associados a quimioterapia e cirurgia."
	},
	"26": {
		"nome": "Pantoprazol",
		"quantidade": 60,
		"preco": 16.5,
		"descricao": "Inibidor da bomba de pr\u00f3tons utilizado no tratamento de \u00falceras g\u00e1stricas e refluxo gastroesof\u00e1gico."
	},
	"27": {
		"nome": "Rosuvastatina",
		"quantidade": 55,
		"preco": 27.8,
		"descricao": "Estatina utilizada para diminuir o colesterol LDL e prevenir doen\u00e7as cardiovasculares."
	},
	"28": {
		"nome": "Cloridrato de Ciprofloxacino",
		"quantidade": 30,
		"preco": 19.99,
		"descricao": "Antibi\u00f3tico fluoroquinolona utilizado no tratamento de infec\u00e7\u00f5es bacterianas."
	},
	"29": {
		"nome": "Salbutamol",
		"quantidade": 90,
		"preco": 13.5,
		"descricao": "Broncodilatador utilizado no tratamento da asma e doen\u00e7a pulmonar obstrutiva cr\u00f4nica (DPOC)."
	},
	"30": {
		"nome": "Gliclazida",
		"quantidade": 40,
		"preco": 20.25,
		"descricao": "Antidiab\u00e9tico oral utilizado no tratamento do diabetes tipo 2."
	},
	"31": {
		"nome": "Coca\u00edna",
		"quantidade": 100,
		"preco": 100.0,
		"descricao": "Estimulante do sistema nervoso central, altamente viciante e ilegal em muitos pa\u00edses."
	},
	"32": {
		"nome": "Hero\u00edna",
		"quantidade": 50,
		"preco": 200.0,
		"descricao": "Opi\u00f3ide altamente viciante, ilegal e associado a s\u00e9rios riscos \u00e0 sa\u00fade e \u00e0 depend\u00eancia."
	},
	"33": {
		"nome": "Crack",
		"quantidade": 75,
		"preco": 50.0,
		"descricao": "Derivado da coca\u00edna, altamente viciante e produzido como uma forma cristalina para fumar."
	},
	"34": {
		"nome": "LSD",
		"quantidade": 30,
		"preco": 150.0,
		"descricao": "Alucin\u00f3geno poderoso que altera a percep\u00e7\u00e3o, causando experi\u00eancias sensoriais intensas e ilus\u00f5es."
	},
	"35": {
		"nome": "Anfetamina",
		"quantidade": 80,
		"preco": 75.0,
		"descricao": "Estimulante sint\u00e9tico, conhecido por aumentar o estado de alerta e a energia, mas altamente viciante e ilegal."
	},
	"36": {
		"nome": "MDMA (Ecstasy)",
		"quantidade": 40,
		"preco": 120.0,
		"descricao": "Entact\u00f3geno e estimulante psicoativo, popular em festas de m\u00fasica eletr\u00f4nica, mas ilegal e perigoso."
	},
	"37": {
		"nome": "Metanfetamina",
		"quantidade": 60,
		"preco": 100.0,
		"descricao": "Estimulante altamente viciante, semelhante \u00e0 anfetamina, mas com efeitos mais potentes e perigosos."
	},
	"38": {
		"nome": "Maconha",
		"quantidade": 120,
		"preco": 80.0,
		"descricao": "Cannabis, uma das drogas il\u00edcitas mais comuns, com efeitos psicoativos e recreativos."
	},
	"39": {
		"nome": "Mescalina",
		"quantidade": 25,
		"preco": 200.0,
		"descricao": "Alucin\u00f3geno natural encontrado em certos cactos, conhecido por produzir vis\u00f5es coloridas e experi\u00eancias espirituais."
	},
	"40": {
		"nome": "Psilocibina (Cogumelos M\u00e1gicos)",
		"quantidade": 35,
		"preco": 180.0,
		"descricao": "Alucin\u00f3geno natural encontrado em certos cogumelos, conhecido por produzir viagens psicod\u00e9licas e estados alterados de consci\u00eancia."
	},
	"41": {
		"nome": "Caiana",
		"quantidade": 19,
		"preco": 23,
		"descricao": "Cara trol"
	},
	"42": {
		"nome": "Alysson",
		"quantidade": 20,
		"preco": 2,
		"descricao": "O melhor"
	},
	"43": {
		"nome": "Cotonete",
		"quantidade": 12,
		"preco": 2,
		"descricao": "awdwadaw"
	},
	"44": {
		"nome": "nemsei",
		"quantidade": 1,
		"preco": 10,
		"descricao": "nao sei o que, mas e"
	}
}